{
  "project_info": {
    "project_number": "927486189382",
    "project_id": "assignement3-87969",
    "storage_bucket": "assignement3-87969.firebasestorage.app"
  },
  "client": [
    {
      "client_info": {
        "mobilesdk_app_id": "1:927486189382:android:c3f8dd0c0b3e8558494f47",
        "android_client_info": {
          "package_name": "com.example.assignement3"
        }
      },
      "oauth_client": [],
      "api_key": [
        {
          "current_key": "AIzaSyAIMrnEHWhSvDERl3fx-PzaEhjUsLISt6A"
        }
      ],
      "services": {
        "appinvite_service": {
          "other_platform_oauth_client": []
        }
      }
    }
  ],
  "configuration_version": "1"
}